id,routing_result
0,.begin 1
1,.H 94 5 95
2,.H 20 20 54
3,.H 54 21 94
4,.V 20 20 28
5,.V 39 0 16
6,.V 39 16 20
7,.V 47 20 28
8,.V 49 20 28
9,.V 54 20 21
10,.V 56 21 28
11,.V 94 5 28
12,.end
13,.begin 2
14,.H 51 1 52
15,.H 16 12 51
16,.H 0 13 16
17,.V 0 13 28
18,.V 16 12 13
19,.V 49 0 12
20,.V 51 0 1
21,.end
22,.begin 3
23,.H 0 1 46
24,.H 46 2 47
25,.H 47 3 51
26,.H 51 4 52
27,.H 52 5 57
28,.H 57 6 61
29,.H 62 14 63
30,.H 40 15 43
31,.H 43 16 54
32,.H 54 17 61
33,.H 7 25 62
34,.V 0 0 1
35,.V 7 25 28
36,.V 28 25 28
37,.V 40 15 28
38,.V 43 0 1
39,.V 43 15 16
40,.V 45 0 1
41,.V 46 1 2
42,.V 47 2 3
43,.V 51 3 4
44,.V 52 4 5
45,.V 54 16 17
46,.V 57 5 6
47,.V 61 6 25
48,.V 62 14 28
49,.end
50,.begin 4
51,.H 12 2 13
52,.H 1 17 12
53,.V 1 17 28
54,.V 12 0 2
55,.end
56,.begin 5
57,.H 48 8 49
58,.H 1 16 13
59,.H 13 19 48
60,.V 1 0 16
61,.V 4 0 8
62,.V 4 8 16
63,.V 10 16 28
64,.V 13 19 28
65,.V 13 16 19
66,.V 45 19 28
67,.V 48 8 28
68,.end
69,.begin 6
70,.H 57 4 58
71,.H 58 5 74
72,.H 119 5 121
73,.H 20 9 25
74,.H 15 10 25
75,.H 76 18 89
76,.H 2 25 4
77,.H 4 26 54
78,.H 54 27 120
79,.V 2 25 28
80,.V 4 25 26
81,.V 15 0 10
82,.V 20 0 9
83,.V 25 9 26
84,.V 31 0 26
85,.V 54 26 27
86,.V 57 0 4
87,.V 58 4 5
88,.V 68 27 28
89,.V 74 27 28
90,.V 74 5 27
91,.V 76 0 18
92,.V 89 18 27
93,.V 111 27 28
94,.V 119 0 5
95,.V 120 0 28
96,.V 120 5 27
97,.end
98,.begin 7
99,.H 2 12 16
100,.H 16 14 17
101,.V 2 0 12
102,.V 8 0 12
103,.V 11 0 8
104,.V 11 8 12
105,.V 16 14 28
106,.end
107,.begin 8
108,.H 14 3 16
109,.H 58 3 59
110,.H 16 4 17
111,.H 59 4 63
112,.H 71 4 77
113,.H 17 5 22
114,.H 77 5 79
115,.H 22 6 29
116,.H 110 6 113
117,.H 29 7 30
118,.H 113 7 114
119,.H 114 8 124
120,.H 124 9 129
121,.H 129 10 130
122,.H 19 13 20
123,.H 20 14 21
124,.H 21 15 27
125,.H 27 16 30
126,.H 3 24 68
127,.H 68 25 107
128,.H 107 26 125
129,.V 3 24 28
130,.V 14 0 3
131,.V 16 3 4
132,.V 17 4 5
133,.V 19 0 13
134,.V 20 13 14
135,.V 21 14 15
136,.V 22 5 6
137,.V 27 15 16
138,.V 29 6 7
139,.V 30 0 16
140,.V 30 7 24
141,.V 58 0 3
142,.V 59 3 4
143,.V 63 4 28
144,.V 63 4 24
145,.V 68 24 25
146,.V 71 0 4
147,.V 77 4 5
148,.V 79 5 28
149,.V 79 5 25
150,.V 102 25 28
151,.V 107 25 26
152,.V 110 0 6
153,.V 113 6 7
154,.V 114 7 8
155,.V 124 8 9
156,.V 125 9 28
157,.V 125 9 26
158,.V 129 0 10
159,.end
160,.begin 9
161,.H 48 7 51
162,.H 51 8 107
163,.H 3 22 4
164,.H 4 23 106
165,.H 55 26 106
166,.V 3 0 22
167,.V 4 22 23
168,.V 8 23 28
169,.V 41 23 28
170,.V 48 0 7
171,.V 50 0 7
172,.V 51 7 8
173,.V 55 26 28
174,.V 106 8 26
175,.end
176,.begin 10
177,.H 4 27 28
178,.V 4 27 28
179,.V 27 27 28
180,.end
181,.begin 11
182,.H 5 8 7
183,.H 7 9 10
184,.H 10 10 12
185,.H 12 11 39
186,.H 39 27 40
187,.V 5 8 28
188,.V 7 8 9
189,.V 10 9 10
190,.V 12 11 28
191,.V 12 10 11
192,.V 21 0 11
193,.V 29 11 28
194,.V 33 0 28
195,.V 35 11 28
196,.V 39 27 28
197,.end
198,.begin 12
199,.H 5 2 9
200,.H 17 9 18
201,.H 9 14 10
202,.H 10 15 17
203,.V 5 0 2
204,.V 9 0 14
205,.V 9 2 14
206,.V 10 14 15
207,.V 17 9 28
208,.end
209,.begin 13
210,.H 12 6 13
211,.H 6 7 12
212,.H 13 8 14
213,.V 6 7 28
214,.V 12 6 7
215,.V 13 0 8
216,.end
217,.begin 14
218,.H 6 4 14
219,.H 17 6 19
220,.H 16 7 17
221,.H 14 8 16
222,.H 15 16 18
223,.V 6 0 4
224,.V 10 0 4
225,.V 14 8 28
226,.V 14 4 8
227,.V 15 16 28
228,.V 16 7 8
229,.V 17 6 7
230,.V 18 0 15
231,.V 18 6 16
232,.end
233,.begin 15
234,.H 16 2 17
235,.H 10 5 16
236,.H 7 6 10
237,.V 7 0 6
238,.V 10 5 6
239,.V 16 0 2
240,.end
241,.begin 16
242,.H 42 6 43
243,.H 9 19 11
244,.H 11 20 19
245,.H 19 21 42
246,.V 9 19 28
247,.V 11 19 20
248,.V 19 20 21
249,.V 26 0 28
250,.V 28 0 21
251,.V 42 6 28
252,.end
253,.begin 17
254,.H 18 18 19
255,.H 11 22 18
256,.V 11 22 28
257,.V 18 18 28
258,.end
259,.begin 18
260,.H 17 2 27
261,.H 27 10 28
262,.V 17 0 2
263,.V 25 0 2
264,.V 27 0 10
265,.end
266,.begin 19
267,.H 118 16 122
268,.H 56 19 67
269,.H 19 22 107
270,.H 107 23 117
271,.H 117 24 121
272,.V 19 22 28
273,.V 56 0 19
274,.V 67 22 28
275,.V 67 19 22
276,.V 75 0 28
277,.V 107 22 23
278,.V 110 23 28
279,.V 117 23 24
280,.V 118 0 16
281,.V 121 0 28
282,.V 121 16 24
283,.end
284,.begin 20
285,.H 105 1 165
286,.H 38 3 41
287,.H 165 8 166
288,.H 21 18 49
289,.H 49 19 55
290,.H 103 19 107
291,.H 55 20 103
292,.V 21 18 28
293,.V 38 0 3
294,.V 41 3 18
295,.V 49 18 19
296,.V 50 19 28
297,.V 55 19 20
298,.V 57 20 28
299,.V 93 20 28
300,.V 96 0 20
301,.V 103 19 20
302,.V 105 0 1
303,.V 107 0 19
304,.V 107 1 19
305,.V 134 0 1
306,.V 143 0 1
307,.V 154 0 1
308,.V 165 0 8
309,.end
310,.begin 21
311,.H 22 7 24
312,.V 22 7 28
313,.V 23 0 7
314,.end
315,.begin 22
316,.H 29 2 44
317,.H 22 3 29
318,.H 44 4 45
319,.V 22 0 3
320,.V 29 2 3
321,.V 42 0 2
322,.V 44 0 4
323,.end
324,.begin 23
325,.H 109 8 110
326,.H 23 14 45
327,.H 45 15 55
328,.H 105 15 109
329,.H 55 16 64
330,.H 103 16 105
331,.H 64 17 103
332,.V 23 14 28
333,.V 36 0 14
334,.V 45 14 15
335,.V 52 15 28
336,.V 54 0 15
337,.V 55 15 16
338,.V 59 14 28
339,.V 59 14 16
340,.V 64 16 17
341,.V 91 17 28
342,.V 103 16 17
343,.V 105 15 16
344,.V 109 0 8
345,.end
346,.begin 24
347,.H 24 7 25
348,.H 134 7 164
349,.H 25 8 29
350,.H 132 8 134
351,.H 29 9 38
352,.H 38 10 52
353,.H 52 11 57
354,.H 57 12 59
355,.H 59 13 64
356,.H 117 13 132
357,.H 64 14 117
358,.V 24 7 28
359,.V 25 7 8
360,.V 29 8 9
361,.V 35 0 9
362,.V 38 9 10
363,.V 52 10 11
364,.V 53 11 28
365,.V 57 11 12
366,.V 59 12 13
367,.V 60 13 28
368,.V 64 13 14
369,.V 90 14 28
370,.V 98 0 14
371,.V 103 0 14
372,.V 117 13 14
373,.V 132 0 8
374,.V 132 8 13
375,.V 134 7 8
376,.V 141 0 7
377,.V 145 0 7
378,.V 152 0 7
379,.V 163 0 7
380,.end
381,.begin 25
382,.H 37 5 38
383,.H 30 27 37
384,.V 30 27 28
385,.V 37 0 5
386,.end
387,.begin 26
388,.H 34 10 35
389,.H 32 17 34
390,.V 32 0 28
391,.V 34 10 28
392,.end
393,.begin 27
394,.H 37 7 38
395,.H 38 8 43
396,.H 43 9 85
397,.H 85 10 86
398,.V 37 7 28
399,.V 38 7 8
400,.V 43 8 9
401,.V 44 9 28
402,.V 60 0 9
403,.V 70 9 28
404,.V 85 0 10
405,.end
406,.begin 28
407,.H 38 13 47
408,.H 47 14 57
409,.H 57 15 67
410,.V 38 13 28
411,.V 47 13 14
412,.V 57 14 15
413,.V 66 15 28
414,.end
415,.begin 29
416,.H 40 11 51
417,.H 58 11 59
418,.H 51 12 55
419,.H 55 13 58
420,.V 40 0 11
421,.V 51 11 12
422,.V 55 12 13
423,.V 58 11 28
424,.end
425,.begin 30
426,.H 59 1 72
427,.H 43 17 50
428,.H 128 17 129
429,.H 50 18 68
430,.H 68 19 78
431,.H 78 24 112
432,.H 126 24 128
433,.H 112 25 126
434,.V 43 17 28
435,.V 50 17 18
436,.V 59 0 1
437,.V 64 18 28
438,.V 68 18 19
439,.V 72 0 19
440,.V 72 1 19
441,.V 78 24 28
442,.V 78 19 24
443,.V 103 24 28
444,.V 111 0 24
445,.V 112 24 25
446,.V 124 25 28
447,.V 126 24 25
448,.V 128 0 17
449,.end
450,.begin 31
451,.H 81 1 103
452,.H 46 5 47
453,.H 47 6 52
454,.H 52 7 102
455,.H 80 19 102
456,.V 46 5 28
457,.V 47 5 6
458,.V 52 6 7
459,.V 66 0 7
460,.V 70 0 7
461,.V 80 19 28
462,.V 81 0 1
463,.V 83 0 1
464,.V 88 7 28
465,.V 90 0 1
466,.V 102 1 19
467,.end
468,.begin 32
469,.H 53 10 54
470,.H 51 13 53
471,.V 51 13 28
472,.V 53 0 10
473,.end
474,.begin 33
475,.H 82 4 83
476,.H 55 10 82
477,.V 55 0 10
478,.V 80 0 15
479,.V 80 10 15
480,.V 82 0 4
481,.end
482,.begin 34
483,.H 61 2 76
484,.H 76 24 77
485,.V 61 0 2
486,.V 76 24 28
487,.end
488,.begin 35
489,.H 86 6 87
490,.H 62 11 86
491,.V 62 0 11
492,.V 68 0 11
493,.V 71 16 28
494,.V 71 11 16
495,.V 86 0 6
496,.end
497,.begin 36
498,.H 63 3 87
499,.H 87 6 88
500,.V 63 0 3
501,.V 84 3 28
502,.V 87 0 6
503,.end
504,.begin 37
505,.H 64 12 74
506,.V 64 0 12
507,.V 73 0 12
508,.end
509,.begin 38
510,.H 69 4 70
511,.H 67 15 69
512,.H 65 16 67
513,.V 65 16 28
514,.V 67 15 16
515,.V 69 0 4
516,.end
517,.begin 39
518,.H 65 6 82
519,.H 82 15 101
520,.H 101 16 102
521,.V 65 0 6
522,.V 67 0 6
523,.V 82 15 28
524,.V 82 6 15
525,.V 91 0 15
526,.V 98 15 28
527,.V 100 15 28
528,.V 101 0 16
529,.end
530,.begin 40
531,.H 69 15 78
532,.H 78 16 97
533,.H 99 16 100
534,.H 97 21 99
535,.V 69 15 28
536,.V 78 15 16
537,.V 97 21 28
538,.V 97 16 21
539,.V 99 16 28
540,.end
541,.begin 41
542,.H 74 1 75
543,.H 72 24 74
544,.V 72 24 28
545,.V 74 0 1
546,.end
547,.begin 42
548,.H 73 13 116
549,.H 116 24 117
550,.V 73 13 28
551,.V 114 13 28
552,.V 116 24 28
553,.end
554,.begin 43
555,.H 77 12 81
556,.H 81 15 82
557,.V 77 12 28
558,.V 81 15 28
559,.end
560,.begin 44
561,.H 77 2 90
562,.H 90 3 148
563,.H 148 12 149
564,.V 77 0 2
565,.V 90 2 3
566,.V 146 3 28
567,.V 148 12 28
568,.end
569,.begin 45
570,.H 78 4 81
571,.H 92 4 93
572,.H 81 5 88
573,.H 88 6 92
574,.V 78 0 4
575,.V 81 4 5
576,.V 88 5 6
577,.V 92 4 28
578,.end
579,.begin 46
580,.H 92 2 99
581,.H 83 4 90
582,.H 85 12 136
583,.H 136 13 137
584,.H 137 14 140
585,.H 140 15 142
586,.H 142 16 143
587,.H 143 17 144
588,.H 144 18 147
589,.H 147 19 148
590,.V 83 4 28
591,.V 85 12 28
592,.V 90 4 12
593,.V 92 0 2
594,.V 99 2 12
595,.V 136 12 13
596,.V 137 13 14
597,.V 140 14 15
598,.V 142 15 16
599,.V 143 16 17
600,.V 144 17 18
601,.V 145 18 28
602,.V 147 0 28
603,.end
604,.begin 47
605,.H 115 7 116
606,.H 86 9 87
607,.H 87 10 89
608,.H 89 11 113
609,.H 113 20 115
610,.V 86 9 28
611,.V 87 9 10
612,.V 89 10 11
613,.V 93 0 11
614,.V 100 0 11
615,.V 113 20 28
616,.V 113 11 20
617,.V 115 7 28
618,.end
619,.begin 48
620,.H 88 3 89
621,.H 87 11 88
622,.V 87 11 28
623,.V 88 0 3
624,.end
625,.begin 49
626,.H 89 9 95
627,.H 95 10 114
628,.H 114 11 122
629,.H 122 27 123
630,.V 89 0 9
631,.V 95 9 10
632,.V 109 10 28
633,.V 114 10 11
634,.V 117 0 11
635,.V 122 0 28
636,.end
637,.begin 50
638,.H 94 4 104
639,.H 104 21 110
640,.H 110 22 127
641,.H 127 23 128
642,.V 94 0 4
643,.V 104 21 28
644,.V 104 4 21
645,.V 110 21 22
646,.V 112 0 22
647,.V 123 22 28
648,.V 127 0 23
649,.end
650,.begin 51
651,.H 104 1 105
652,.H 95 18 104
653,.V 95 18 28
654,.V 104 0 1
655,.end
656,.begin 52
657,.H 151 3 166
658,.H 105 4 151
659,.H 95 5 105
660,.H 166 7 167
661,.V 95 0 5
662,.V 105 4 5
663,.V 106 0 4
664,.V 108 0 7
665,.V 108 4 7
666,.V 135 0 18
667,.V 135 4 18
668,.V 142 0 4
669,.V 151 3 4
670,.V 155 0 8
671,.V 155 3 8
672,.V 166 0 7
673,.end
674,.begin 53
675,.H 97 9 118
676,.H 118 20 119
677,.V 97 0 9
678,.V 118 20 28
679,.end
680,.begin 54
681,.H 160 14 163
682,.H 163 15 165
683,.H 165 16 168
684,.H 105 18 110
685,.H 110 19 116
686,.H 116 20 117
687,.H 117 21 129
688,.H 129 24 156
689,.H 156 25 167
690,.V 105 18 28
691,.V 110 18 19
692,.V 116 19 20
693,.V 117 20 21
694,.V 129 24 28
695,.V 129 21 24
696,.V 131 24 28
697,.V 156 24 25
698,.V 160 0 14
699,.V 163 14 15
700,.V 165 15 16
701,.V 167 25 28
702,.V 167 16 25
703,.end
704,.begin 55
705,.H 140 8 141
706,.H 108 17 116
707,.H 116 18 117
708,.H 117 19 123
709,.H 123 20 131
710,.H 131 21 135
711,.H 135 22 136
712,.H 136 23 164
713,.H 164 24 171
714,.V 108 17 28
715,.V 116 17 18
716,.V 117 18 19
717,.V 123 19 20
718,.V 130 0 28
719,.V 131 20 21
720,.V 134 21 28
721,.V 135 21 22
722,.V 136 22 23
723,.V 140 0 8
724,.V 141 8 23
725,.V 152 23 28
726,.V 154 23 28
727,.V 164 23 24
728,.V 170 24 28
729,.end
730,.begin 56
731,.H 113 2 132
732,.H 132 18 133
733,.V 113 0 2
734,.V 132 18 28
735,.end
736,.begin 57
737,.H 116 16 117
738,.H 117 17 118
739,.H 118 18 124
740,.H 124 19 134
741,.H 165 19 166
742,.H 134 20 136
743,.H 136 21 165
744,.V 116 0 16
745,.V 117 16 17
746,.V 118 17 18
747,.V 124 18 19
748,.V 134 19 20
749,.V 136 20 21
750,.V 165 19 28
751,.end
752,.begin 58
753,.H 119 7 125
754,.H 125 8 131
755,.H 131 9 134
756,.H 134 10 140
757,.H 140 11 142
758,.H 155 11 156
759,.H 142 12 143
760,.H 143 13 144
761,.H 144 14 145
762,.H 145 15 152
763,.H 152 16 153
764,.H 153 19 155
765,.V 119 7 28
766,.V 125 7 8
767,.V 131 8 9
768,.V 134 9 10
769,.V 140 10 11
770,.V 142 11 12
771,.V 143 12 13
772,.V 144 13 14
773,.V 145 14 15
774,.V 152 15 16
775,.V 153 19 28
776,.V 153 16 19
777,.V 155 11 28
778,.end
779,.begin 59
780,.H 123 14 124
781,.H 124 15 126
782,.H 126 16 128
783,.H 128 18 129
784,.V 123 0 14
785,.V 124 14 15
786,.V 126 15 16
787,.V 128 18 28
788,.end
789,.begin 60
790,.H 158 15 159
791,.H 126 27 158
792,.V 126 27 28
793,.V 142 27 28
794,.V 158 0 15
795,.end
796,.begin 61
797,.H 171 1 172
798,.H 126 5 131
799,.H 131 6 167
800,.H 167 7 168
801,.H 168 8 169
802,.H 169 9 170
803,.H 170 10 171
804,.V 126 0 5
805,.V 131 5 6
806,.V 167 6 7
807,.V 168 7 8
808,.V 169 8 9
809,.V 170 9 10
810,.V 171 1 28
811,.end
812,.begin 62
813,.H 148 11 151
814,.H 166 14 167
815,.H 127 26 164
816,.H 164 27 166
817,.V 127 26 28
818,.V 148 0 11
819,.V 151 11 26
820,.V 159 0 26
821,.V 164 26 27
822,.V 166 14 28
823,.end
824,.begin 63
825,.H 172 9 173
826,.H 133 13 134
827,.H 134 14 136
828,.H 136 15 137
829,.H 137 16 140
830,.H 140 17 142
831,.H 142 18 143
832,.H 143 19 144
833,.H 144 20 170
834,.H 170 21 172
835,.V 133 13 28
836,.V 134 13 14
837,.V 136 14 15
838,.V 137 15 16
839,.V 139 0 9
840,.V 139 9 16
841,.V 140 16 17
842,.V 142 17 18
843,.V 143 18 19
844,.V 144 19 20
845,.V 149 0 20
846,.V 161 0 28
847,.V 163 18 28
848,.V 163 18 20
849,.V 170 20 21
850,.V 172 9 28
851,.end
852,.begin 64
853,.H 133 11 137
854,.H 137 12 140
855,.H 140 13 142
856,.H 142 14 143
857,.H 143 15 144
858,.H 144 16 145
859,.H 145 17 152
860,.H 157 17 158
861,.H 152 18 156
862,.H 156 19 157
863,.V 133 0 11
864,.V 137 11 12
865,.V 140 12 13
866,.V 142 13 14
867,.V 143 14 15
868,.V 144 15 16
869,.V 145 16 17
870,.V 152 17 18
871,.V 156 18 19
872,.V 157 17 28
873,.end
874,.begin 65
875,.H 153 9 154
876,.H 135 25 153
877,.V 135 25 28
878,.V 153 0 9
879,.end
880,.begin 66
881,.H 137 17 139
882,.H 139 18 140
883,.V 137 17 28
884,.V 139 18 28
885,.end
886,.begin 67
887,.H 137 2 168
888,.H 168 3 169
889,.H 169 12 170
890,.V 137 0 2
891,.V 167 0 2
892,.V 168 2 3
893,.V 169 12 28
894,.end
895,.begin 68
896,.H 150 5 154
897,.H 173 7 174
898,.H 138 22 170
899,.H 170 23 173
900,.V 138 0 28
901,.V 140 18 28
902,.V 140 18 22
903,.V 143 22 28
904,.V 150 0 5
905,.V 154 5 22
906,.V 170 22 23
907,.V 173 7 28
908,.end
909,.begin 69
910,.H 150 9 151
911,.H 144 12 145
912,.H 145 13 150
913,.V 144 0 12
914,.V 145 12 13
915,.V 150 9 28
916,.end
917,.begin 70
918,.H 168 10 169
919,.H 157 16 158
920,.H 158 17 164
921,.H 164 18 168
922,.V 157 0 16
923,.V 158 16 17
924,.V 164 17 18
925,.V 168 10 28
926,.end
927,.begin 71
928,.H 164 16 165
929,.H 158 24 164
930,.V 158 24 28
931,.V 164 0 16
932,.end
933,.begin 72
934,.H 162 12 163
935,.H 160 16 162
936,.V 160 16 28
937,.V 162 12 28
938,.end
939,.begin 1
940,.H 128 55 198
941,.H 74 56 128
942,.H 14 57 74
943,.V 14 57 58
944,.V 74 56 57
945,.V 128 55 56
946,.V 197 0 55
947,.end
948,.begin 2
949,.H 4 8 7
950,.H 7 9 29
951,.H 29 10 97
952,.H 97 11 131
953,.H 131 12 214
954,.H 214 22 215
955,.V 4 0 8
956,.V 7 8 9
957,.V 29 9 10
958,.V 97 10 11
959,.V 131 11 12
960,.V 214 22 58
961,.end
962,.begin 3
963,.H 214 12 215
964,.H 162 15 170
965,.H 25 17 32
966,.H 32 18 37
967,.H 37 19 53
968,.H 53 20 69
969,.H 184 25 214
970,.H 68 38 158
971,.H 158 39 160
972,.H 160 40 173
973,.H 173 41 181
974,.H 181 42 184
975,.V 25 17 58
976,.V 32 17 18
977,.V 37 18 19
978,.V 51 0 19
979,.V 52 0 19
980,.V 53 19 20
981,.V 68 38 58
982,.V 69 20 38
983,.V 79 22 58
984,.V 79 22 38
985,.V 82 0 38
986,.V 158 38 39
987,.V 160 39 40
988,.V 162 0 15
989,.V 170 15 40
990,.V 173 40 41
991,.V 181 41 42
992,.V 184 25 58
993,.V 184 25 42
994,.V 202 0 25
995,.V 214 0 12
996,.end
997,.begin 4
998,.H 57 23 134
999,.H 134 24 135
1000,.H 135 25 177
1001,.H 177 26 194
1002,.H 194 27 243
1003,.H 243 34 244
1004,.V 57 0 23
1005,.V 134 23 24
1006,.V 135 24 25
1007,.V 177 25 26
1008,.V 194 26 27
1009,.V 243 34 58
1010,.end
1011,.begin 5
1012,.H 249 5 250
1013,.H 17 54 249
1014,.H 14 55 17
1015,.H 13 56 14
1016,.H 8 57 13
1017,.V 8 57 58
1018,.V 13 56 57
1019,.V 14 55 56
1020,.V 17 54 55
1021,.V 249 0 5
1022,.end
1023,.begin 6
1024,.H 50 21 51
1025,.H 15 22 16
1026,.H 51 22 52
1027,.H 16 23 23
1028,.H 252 23 253
1029,.H 23 24 24
1030,.H 24 25 31
1031,.H 31 38 37
1032,.H 37 39 42
1033,.H 42 40 82
1034,.H 82 41 115
1035,.H 115 42 121
1036,.H 121 43 196
1037,.H 196 44 211
1038,.H 211 45 252
1039,.V 15 0 22
1040,.V 16 22 23
1041,.V 23 23 24
1042,.V 24 24 25
1043,.V 31 0 38
1044,.V 31 25 38
1045,.V 37 38 39
1046,.V 42 39 40
1047,.V 47 0 40
1048,.V 50 0 21
1049,.V 51 21 22
1050,.V 52 22 40
1051,.V 82 40 41
1052,.V 115 41 42
1053,.V 121 42 43
1054,.V 152 0 43
1055,.V 173 43 58
1056,.V 179 0 43
1057,.V 196 43 44
1058,.V 211 44 45
1059,.V 252 23 58
1060,.end
1061,.begin 7
1062,.H 145 1 222
1063,.H 146 4 222
1064,.H 226 14 237
1065,.H 141 17 148
1066,.H 148 18 149
1067,.H 149 19 153
1068,.H 153 20 222
1069,.H 58 28 93
1070,.H 93 29 134
1071,.H 134 30 226
1072,.H 237 42 238
1073,.V 58 28 58
1074,.V 64 0 28
1075,.V 72 0 26
1076,.V 72 26 28
1077,.V 84 0 22
1078,.V 84 22 28
1079,.V 93 28 29
1080,.V 105 0 29
1081,.V 110 0 29
1082,.V 134 29 30
1083,.V 141 0 17
1084,.V 145 0 1
1085,.V 146 0 4
1086,.V 148 17 18
1087,.V 149 18 19
1088,.V 153 19 20
1089,.V 163 0 1
1090,.V 186 30 58
1091,.V 222 0 1
1092,.V 222 1 30
1093,.V 226 14 58
1094,.V 226 14 30
1095,.V 237 0 42
1096,.end
1097,.begin 8
1098,.H 24 6 41
1099,.H 41 7 43
1100,.H 43 8 45
1101,.H 44 43 83
1102,.H 83 44 88
1103,.H 88 45 205
1104,.V 24 0 6
1105,.V 41 6 7
1106,.V 43 7 8
1107,.V 44 43 58
1108,.V 45 8 43
1109,.V 83 43 44
1110,.V 88 44 45
1111,.V 199 45 58
1112,.V 204 45 58
1113,.end
1114,.begin 9
1115,.H 230 42 231
1116,.H 181 47 230
1117,.H 140 48 181
1118,.H 38 49 140
1119,.H 21 50 38
1120,.V 21 50 58
1121,.V 38 49 50
1122,.V 140 48 49
1123,.V 181 47 48
1124,.V 230 0 42
1125,.end
1126,.begin 10
1127,.H 254 32 255
1128,.H 44 33 64
1129,.H 64 34 242
1130,.H 242 35 254
1131,.V 44 0 33
1132,.V 53 23 58
1133,.V 53 23 33
1134,.V 64 33 34
1135,.V 232 15 58
1136,.V 232 15 34
1137,.V 240 0 34
1138,.V 242 34 35
1139,.V 254 32 58
1140,.end
1141,.begin 11
1142,.H 117 32 194
1143,.H 194 37 195
1144,.V 117 0 32
1145,.V 194 37 58
1146,.end
1147,.begin 12
1148,.H 30 3 83
1149,.H 83 19 84
1150,.V 30 3 58
1151,.V 83 0 19
1152,.end
1153,.begin 13
1154,.H 73 20 76
1155,.H 58 21 73
1156,.H 70 50 74
1157,.H 20 51 70
1158,.V 20 51 58
1159,.V 33 0 51
1160,.V 49 51 58
1161,.V 52 51 58
1162,.V 54 0 58
1163,.V 58 0 21
1164,.V 69 51 58
1165,.V 70 50 51
1166,.V 73 20 21
1167,.V 74 20 50
1168,.V 75 0 20
1169,.end
1170,.begin 14
1171,.H 65 14 66
1172,.H 10 15 16
1173,.H 16 16 23
1174,.H 23 17 24
1175,.H 24 18 29
1176,.H 29 19 32
1177,.H 32 20 52
1178,.H 52 21 53
1179,.H 53 22 65
1180,.V 10 0 15
1181,.V 16 15 16
1182,.V 23 16 17
1183,.V 24 17 18
1184,.V 29 18 19
1185,.V 32 19 20
1186,.V 52 20 21
1187,.V 53 21 22
1188,.V 65 14 58
1189,.end
1190,.begin 15
1191,.H 190 7 251
1192,.H 219 36 250
1193,.H 196 53 250
1194,.H 211 55 250
1195,.V 190 0 7
1196,.V 196 53 58
1197,.V 208 0 7
1198,.V 211 55 58
1199,.V 212 55 58
1200,.V 218 55 58
1201,.V 219 36 58
1202,.V 250 7 55
1203,.end
1204,.begin 16
1205,.H 61 6 131
1206,.H 97 12 130
1207,.H 9 47 13
1208,.H 13 48 14
1209,.H 14 52 17
1210,.H 17 53 130
1211,.V 9 47 58
1212,.V 11 46 58
1213,.V 11 46 47
1214,.V 13 47 48
1215,.V 14 0 52
1216,.V 14 48 52
1217,.V 17 52 53
1218,.V 57 47 58
1219,.V 57 47 53
1220,.V 61 0 6
1221,.V 70 53 58
1222,.V 97 12 58
1223,.V 108 0 6
1224,.V 130 6 53
1225,.end
1226,.begin 17
1227,.H 133 6 134
1228,.H 113 30 133
1229,.H 57 31 113
1230,.H 40 32 57
1231,.V 40 32 58
1232,.V 57 31 32
1233,.V 113 30 31
1234,.V 133 0 6
1235,.end
1236,.begin 18
1237,.H 2 2 3
1238,.H 3 57 4
1239,.V 2 0 2
1240,.V 3 0 58
1241,.end
1242,.begin 19
1243,.H 187 11 217
1244,.H 217 12 252
1245,.H 233 43 251
1246,.V 187 0 11
1247,.V 217 11 12
1248,.V 223 0 12
1249,.V 233 43 58
1250,.V 251 12 58
1251,.V 251 12 43
1252,.end
1253,.begin 20
1254,.H 174 24 175
1255,.H 130 57 174
1256,.V 130 57 58
1257,.V 174 0 24
1258,.end
1259,.begin 21
1260,.H 104 1 107
1261,.H 123 8 133
1262,.H 107 27 118
1263,.H 134 37 135
1264,.H 117 40 121
1265,.H 121 41 134
1266,.V 104 0 1
1267,.V 107 0 27
1268,.V 107 1 27
1269,.V 111 27 58
1270,.V 112 27 58
1271,.V 114 0 27
1272,.V 117 40 58
1273,.V 118 27 40
1274,.V 121 40 41
1275,.V 122 0 8
1276,.V 122 8 41
1277,.V 123 0 8
1278,.V 129 0 8
1279,.V 133 7 58
1280,.V 133 7 41
1281,.V 134 37 58
1282,.end
1283,.begin 22
1284,.H 181 40 182
1285,.H 182 41 233
1286,.H 233 42 236
1287,.H 236 48 237
1288,.V 181 0 40
1289,.V 182 40 41
1290,.V 233 41 42
1291,.V 236 48 58
1292,.end
1293,.begin 23
1294,.H 19 6 20
1295,.H 12 29 15
1296,.H 15 30 19
1297,.V 12 0 29
1298,.V 15 29 30
1299,.V 19 6 58
1300,.end
1301,.begin 24
1302,.H 8 16 10
1303,.H 10 17 16
1304,.H 16 18 23
1305,.H 23 19 24
1306,.H 24 20 29
1307,.H 29 21 32
1308,.H 32 22 34
1309,.H 34 23 39
1310,.H 39 24 60
1311,.H 60 47 61
1312,.V 8 0 16
1313,.V 10 16 17
1314,.V 16 17 18
1315,.V 23 18 19
1316,.V 24 19 20
1317,.V 29 20 21
1318,.V 32 21 22
1319,.V 34 22 23
1320,.V 39 23 24
1321,.V 60 47 58
1322,.end
1323,.begin 25
1324,.H 137 7 145
1325,.H 145 8 184
1326,.H 184 9 193
1327,.H 193 10 228
1328,.H 228 25 229
1329,.V 137 0 7
1330,.V 145 7 8
1331,.V 184 8 9
1332,.V 193 9 10
1333,.V 228 25 58
1334,.end
1335,.begin 26
1336,.H 238 38 239
1337,.H 237 49 238
1338,.H 182 50 237
1339,.V 182 50 58
1340,.V 237 49 50
1341,.V 238 0 38
1342,.end
1343,.begin 27
1344,.H 171 5 225
1345,.H 210 17 224
1346,.H 187 24 216
1347,.H 216 25 224
1348,.H 183 48 224
1349,.V 171 0 5
1350,.V 176 0 58
1351,.V 183 48 58
1352,.V 187 24 58
1353,.V 205 0 5
1354,.V 210 0 17
1355,.V 216 24 25
1356,.V 217 48 58
1357,.V 224 5 48
1358,.end
1359,.begin 28
1360,.H 96 4 104
1361,.H 141 19 142
1362,.H 93 26 120
1363,.H 120 27 141
1364,.V 93 0 26
1365,.V 96 0 4
1366,.V 104 4 26
1367,.V 118 0 26
1368,.V 120 26 27
1369,.V 132 0 27
1370,.V 139 27 58
1371,.V 141 19 58
1372,.end
1373,.begin 29
1374,.H 150 11 157
1375,.H 102 20 111
1376,.H 111 21 128
1377,.H 153 40 157
1378,.H 124 42 169
1379,.H 169 50 170
1380,.V 102 0 20
1381,.V 109 20 58
1382,.V 111 20 21
1383,.V 116 0 21
1384,.V 124 42 58
1385,.V 128 21 42
1386,.V 150 0 11
1387,.V 153 40 58
1388,.V 157 11 42
1389,.V 160 42 58
1390,.V 165 0 17
1391,.V 165 17 42
1392,.V 169 50 58
1393,.end
1394,.begin 30
1395,.H 145 15 149
1396,.V 145 15 58
1397,.V 148 0 15
1398,.end
1399,.begin 31
1400,.H 30 2 104
1401,.H 104 3 256
1402,.H 75 33 255
1403,.H 90 52 255
1404,.V 30 0 2
1405,.V 75 33 58
1406,.V 90 52 58
1407,.V 104 2 3
1408,.V 112 0 3
1409,.V 118 52 58
1410,.V 255 3 52
1411,.end
1412,.begin 32
1413,.H 119 1 120
1414,.H 41 13 43
1415,.H 43 14 56
1416,.H 56 15 69
1417,.H 69 16 77
1418,.H 77 17 119
1419,.H 86 36 92
1420,.H 84 37 86
1421,.H 86 40 92
1422,.V 41 13 58
1423,.V 43 13 14
1424,.V 48 14 58
1425,.V 56 14 15
1426,.V 69 15 16
1427,.V 74 0 16
1428,.V 77 16 17
1429,.V 84 37 58
1430,.V 86 40 58
1431,.V 86 36 37
1432,.V 92 17 40
1433,.V 119 0 1
1434,.end
1435,.begin 33
1436,.H 193 8 194
1437,.H 194 23 198
1438,.H 198 32 201
1439,.H 201 40 206
1440,.H 206 55 207
1441,.V 193 0 8
1442,.V 194 0 23
1443,.V 194 8 23
1444,.V 195 0 23
1445,.V 196 0 8
1446,.V 196 8 23
1447,.V 198 0 32
1448,.V 198 23 32
1449,.V 199 0 32
1450,.V 200 0 58
1451,.V 201 40 58
1452,.V 201 32 40
1453,.V 202 40 58
1454,.V 206 55 58
1455,.end
1456,.begin 34
1457,.H 149 7 169
1458,.H 92 14 98
1459,.H 161 14 168
1460,.H 77 18 99
1461,.H 99 19 112
1462,.H 112 20 134
1463,.H 134 21 136
1464,.H 136 22 148
1465,.H 148 37 160
1466,.H 160 38 168
1467,.V 77 18 58
1468,.V 81 0 58
1469,.V 88 0 18
1470,.V 92 0 14
1471,.V 98 14 18
1472,.V 99 18 19
1473,.V 112 19 20
1474,.V 120 0 20
1475,.V 121 0 20
1476,.V 134 20 21
1477,.V 135 0 21
1478,.V 136 21 22
1479,.V 138 0 21
1480,.V 138 21 22
1481,.V 148 37 58
1482,.V 148 22 37
1483,.V 149 0 7
1484,.V 160 37 38
1485,.V 161 0 14
1486,.V 168 0 58
1487,.V 168 7 38
1488,.end
1489,.begin 35
1490,.H 53 16 56
1491,.H 68 26 71
1492,.H 37 42 70
1493,.V 37 42 58
1494,.V 46 0 58
1495,.V 47 42 58
1496,.V 49 0 42
1497,.V 53 0 16
1498,.V 56 42 58
1499,.V 56 16 42
1500,.V 63 0 37
1501,.V 63 37 42
1502,.V 64 42 58
1503,.V 66 42 58
1504,.V 68 0 26
1505,.V 70 0 26
1506,.V 70 26 42
1507,.end
1508,.begin 36
1509,.H 243 4 244
1510,.H 231 23 243
1511,.H 229 24 231
1512,.V 229 24 58
1513,.V 231 23 24
1514,.V 243 0 4
1515,.end
1516,.begin 37
1517,.H 136 6 137
1518,.H 122 51 136
1519,.V 122 51 58
1520,.V 136 0 6
1521,.end
1522,.begin 38
1523,.H 106 8 108
1524,.H 108 9 183
1525,.H 183 23 184
1526,.H 63 46 69
1527,.H 69 47 180
1528,.V 63 46 58
1529,.V 69 46 47
1530,.V 82 47 58
1531,.V 83 47 58
1532,.V 106 0 8
1533,.V 108 8 9
1534,.V 132 47 58
1535,.V 152 47 58
1536,.V 179 47 58
1537,.V 180 9 47
1538,.V 183 0 23
1539,.end
1540,.begin 39
1541,.H 1 34 5
1542,.H 5 35 80
1543,.H 80 52 81
1544,.V 1 0 34
1545,.V 5 34 35
1546,.V 80 52 58
1547,.end
1548,.begin 40
1549,.H 233 15 234
1550,.H 210 29 233
1551,.V 210 29 58
1552,.V 233 0 15
1553,.end
1554,.begin 41
1555,.H 248 5 249
1556,.H 247 14 248
1557,.H 245 15 247
1558,.H 243 16 245
1559,.H 234 17 243
1560,.H 172 19 234
1561,.V 172 19 58
1562,.V 175 0 58
1563,.V 189 0 19
1564,.V 218 0 19
1565,.V 234 0 17
1566,.V 234 17 19
1567,.V 243 16 17
1568,.V 245 15 16
1569,.V 247 14 15
1570,.V 248 0 5
1571,.end
1572,.begin 42
1573,.H 155 15 156
1574,.H 76 39 155
1575,.V 76 39 58
1576,.V 155 0 15
1577,.end
1578,.begin 43
1579,.H 19 1 20
1580,.H 25 10 26
1581,.H 20 27 24
1582,.H 24 38 31
1583,.H 31 40 32
1584,.V 19 0 1
1585,.V 20 0 27
1586,.V 20 1 27
1587,.V 22 0 27
1588,.V 23 27 58
1589,.V 24 38 58
1590,.V 24 27 38
1591,.V 25 0 10
1592,.V 26 0 24
1593,.V 26 10 38
1594,.V 27 0 38
1595,.V 28 0 38
1596,.V 29 26 58
1597,.V 29 26 38
1598,.V 31 40 58
1599,.end
1600,.begin 44
1601,.H 144 28 145
1602,.H 143 37 144
1603,.V 143 37 58
1604,.V 144 0 28
1605,.end
1606,.begin 45
1607,.H 16 10 24
1608,.H 24 11 25
1609,.H 25 12 29
1610,.H 79 12 80
1611,.H 29 13 32
1612,.H 32 14 36
1613,.H 42 41 79
1614,.H 12 46 42
1615,.V 12 46 58
1616,.V 13 0 46
1617,.V 16 0 10
1618,.V 22 46 58
1619,.V 24 10 11
1620,.V 25 11 12
1621,.V 28 46 58
1622,.V 29 12 13
1623,.V 32 13 14
1624,.V 36 0 14
1625,.V 36 14 46
1626,.V 38 0 46
1627,.V 42 41 58
1628,.V 42 41 46
1629,.V 66 0 41
1630,.V 67 0 47
1631,.V 67 41 47
1632,.V 79 0 12
1633,.end
1634,.begin 46
1635,.H 247 1 248
1636,.H 243 29 247
1637,.H 242 30 243
1638,.H 188 31 242
1639,.V 188 31 58
1640,.V 242 30 31
1641,.V 243 29 30
1642,.V 247 0 1
1643,.end
1644,.begin 47
1645,.H 130 4 131
1646,.H 73 24 130
1647,.H 51 25 73
1648,.H 39 26 51
1649,.V 39 26 58
1650,.V 51 25 26
1651,.V 73 24 25
1652,.V 130 0 4
1653,.end
1654,.begin 48
1655,.H 125 28 136
1656,.H 136 29 167
1657,.H 167 50 168
1658,.V 125 28 58
1659,.V 126 28 58
1660,.V 127 26 58
1661,.V 127 26 28
1662,.V 135 28 58
1663,.V 136 28 29
1664,.V 137 21 58
1665,.V 137 21 29
1666,.V 140 0 17
1667,.V 140 17 29
1668,.V 143 0 28
1669,.V 143 28 29
1670,.V 149 22 58
1671,.V 149 22 29
1672,.V 160 0 29
1673,.V 164 0 58
1674,.V 167 50 58
1675,.end
1676,.begin 49
1677,.H 43 25 44
1678,.H 5 30 7
1679,.H 7 31 43
1680,.V 5 0 30
1681,.V 7 30 31
1682,.V 43 25 58
1683,.end
1684,.begin 50
1685,.H 5 43 6
1686,.H 6 51 7
1687,.V 5 43 58
1688,.V 6 0 51
1689,.end
1690,.begin 51
1691,.H 227 1 228
1692,.H 223 20 227
1693,.H 158 21 223
1694,.H 153 22 158
1695,.H 138 23 153
1696,.V 138 23 58
1697,.V 153 22 23
1698,.V 158 21 22
1699,.V 223 20 21
1700,.V 227 0 1
1701,.end
1702,.begin 52
1703,.H 188 15 213
1704,.H 213 16 234
1705,.H 221 39 233
1706,.V 188 0 15
1707,.V 192 0 8
1708,.V 192 8 15
1709,.V 193 14 58
1710,.V 193 14 15
1711,.V 205 15 58
1712,.V 206 0 15
1713,.V 208 15 58
1714,.V 212 0 15
1715,.V 213 15 16
1716,.V 216 0 16
1717,.V 221 39 58
1718,.V 222 39 58
1719,.V 233 16 39
1720,.end
1721,.begin 53
1722,.H 41 4 43
1723,.H 43 5 45
1724,.H 45 6 48
1725,.H 48 7 56
1726,.H 96 7 97
1727,.H 56 8 96
1728,.V 41 0 4
1729,.V 43 4 5
1730,.V 45 5 6
1731,.V 48 6 7
1732,.V 56 7 8
1733,.V 69 0 8
1734,.V 96 7 58
1735,.end
1736,.begin 54
1737,.H 61 7 62
1738,.H 18 14 24
1739,.H 24 15 25
1740,.H 25 16 37
1741,.H 37 17 43
1742,.H 43 18 59
1743,.H 11 40 12
1744,.H 12 41 15
1745,.H 15 42 20
1746,.H 20 43 21
1747,.H 21 44 22
1748,.H 22 45 59
1749,.H 17 56 61
1750,.V 11 0 40
1751,.V 12 40 41
1752,.V 15 41 42
1753,.V 17 56 58
1754,.V 18 0 14
1755,.V 20 42 43
1756,.V 21 43 44
1757,.V 22 44 45
1758,.V 23 0 14
1759,.V 24 14 15
1760,.V 25 15 16
1761,.V 37 16 17
1762,.V 38 56 58
1763,.V 43 17 18
1764,.V 45 56 58
1765,.V 59 0 58
1766,.V 59 18 56
1767,.V 61 7 58
1768,.end
1769,.begin 55
1770,.H 136 41 137
1771,.H 17 48 136
1772,.V 17 0 48
1773,.V 36 48 58
1774,.V 136 41 58
1775,.end
1776,.begin 56
1777,.H 153 16 155
1778,.H 155 17 161
1779,.H 161 18 241
1780,.H 241 50 242
1781,.V 153 0 16
1782,.V 155 16 17
1783,.V 161 17 18
1784,.V 241 50 58
1785,.end
1786,.begin 57
1787,.H 226 5 227
1788,.H 203 42 218
1789,.H 218 43 226
1790,.V 203 42 58
1791,.V 204 0 23
1792,.V 204 23 42
1793,.V 209 36 58
1794,.V 209 36 42
1795,.V 213 22 58
1796,.V 213 22 42
1797,.V 215 0 58
1798,.V 216 42 58
1799,.V 218 42 43
1800,.V 220 42 58
1801,.V 220 42 43
1802,.V 225 0 58
1803,.V 226 0 5
1804,.end
1805,.begin 58
1806,.H 224 4 225
1807,.H 203 8 224
1808,.H 106 21 108
1809,.H 108 22 135
1810,.H 177 22 203
1811,.H 135 23 136
1812,.H 158 23 177
1813,.H 136 24 158
1814,.H 147 49 154
1815,.V 106 21 58
1816,.V 108 21 22
1817,.V 135 22 23
1818,.V 136 23 24
1819,.V 147 49 58
1820,.V 154 24 49
1821,.V 158 23 24
1822,.V 173 0 23
1823,.V 177 22 23
1824,.V 203 0 8
1825,.V 203 8 22
1826,.V 224 0 4
1827,.end
1828,.begin 59
1829,.H 103 37 104
1830,.H 89 44 103
1831,.V 89 44 58
1832,.V 103 0 37
1833,.end
1834,.begin 60
1835,.H 2 4 19
1836,.H 19 5 35
1837,.H 39 21 43
1838,.H 43 22 50
1839,.H 10 33 22
1840,.H 22 34 62
1841,.H 73 37 74
1842,.H 62 38 64
1843,.H 64 39 73
1844,.V 2 4 58
1845,.V 10 33 58
1846,.V 19 4 5
1847,.V 22 33 34
1848,.V 35 0 5
1849,.V 35 5 34
1850,.V 39 0 21
1851,.V 43 21 22
1852,.V 50 27 58
1853,.V 50 22 34
1854,.V 62 38 58
1855,.V 62 34 38
1856,.V 64 38 39
1857,.V 71 0 58
1858,.V 73 37 58
1859,.end
1860,.begin 61
1861,.H 9 32 32
1862,.H 34 32 35
1863,.H 32 33 34
1864,.V 9 0 32
1865,.V 18 17 58
1866,.V 18 17 32
1867,.V 32 32 33
1868,.V 34 32 58
1869,.end
1870,.begin 62
1871,.H 97 9 98
1872,.H 98 10 191
1873,.H 104 36 190
1874,.H 103 44 190
1875,.V 97 0 9
1876,.V 98 9 10
1877,.V 103 44 58
1878,.V 104 36 58
1879,.V 190 10 44
1880,.end
1881,.begin 63
1882,.H 73 19 79
1883,.H 79 20 83
1884,.H 86 25 87
1885,.H 115 25 116
1886,.H 87 26 88
1887,.H 72 42 115
1888,.V 72 42 58
1889,.V 73 0 19
1890,.V 78 42 58
1891,.V 79 19 20
1892,.V 83 20 42
1893,.V 85 14 58
1894,.V 85 14 42
1895,.V 86 0 25
1896,.V 87 25 26
1897,.V 88 26 42
1898,.V 94 0 42
1899,.V 98 19 58
1900,.V 98 19 42
1901,.V 101 42 58
1902,.V 105 42 58
1903,.V 110 42 58
1904,.V 115 0 25
1905,.end
1906,.begin 64
1907,.H 29 7 30
1908,.H 5 36 29
1909,.H 0 37 5
1910,.V 0 37 58
1911,.V 5 36 37
1912,.V 29 0 7
1913,.end
1914,.begin 65
1915,.H 213 9 257
1916,.H 131 14 136
1917,.H 136 15 137
1918,.H 137 16 149
1919,.H 149 17 150
1920,.H 158 19 167
1921,.H 150 41 169
1922,.H 169 42 178
1923,.H 178 50 180
1924,.H 180 51 256
1925,.V 131 14 58
1926,.V 136 14 15
1927,.V 137 15 16
1928,.V 139 0 16
1929,.V 149 16 17
1930,.V 150 41 58
1931,.V 150 17 41
1932,.V 158 0 19
1933,.V 167 19 41
1934,.V 169 41 42
1935,.V 171 14 58
1936,.V 171 14 42
1937,.V 178 0 50
1938,.V 178 42 50
1939,.V 180 50 51
1940,.V 207 0 58
1941,.V 213 0 9
1942,.V 217 0 9
1943,.V 256 9 51
1944,.end
1945,.begin 66
1946,.H 199 39 212
1947,.H 191 40 199
1948,.V 191 40 58
1949,.V 199 39 40
1950,.V 211 0 39
1951,.end
1952,.begin 67
1953,.H 167 17 206
1954,.H 231 25 232
1955,.H 147 27 153
1956,.H 153 28 169
1957,.H 169 29 206
1958,.H 181 49 231
1959,.V 147 0 27
1960,.V 153 27 28
1961,.V 167 0 17
1962,.V 169 28 29
1963,.V 181 49 58
1964,.V 206 17 49
1965,.V 224 49 58
1966,.V 231 25 58
1967,.end
1968,.begin 68
1969,.H 229 22 230
1970,.H 174 37 183
1971,.H 183 38 189
1972,.H 196 38 229
1973,.H 189 39 196
1974,.V 174 37 58
1975,.V 183 37 38
1976,.V 189 38 39
1977,.V 195 39 58
1978,.V 196 38 39
1979,.V 229 0 22
1980,.end
1981,.begin 69
1982,.H 98 5 100
1983,.H 113 14 120
1984,.H 89 43 119
1985,.V 89 0 43
1986,.V 93 43 58
1987,.V 94 43 58
1988,.V 98 0 5
1989,.V 100 0 5
1990,.V 100 5 43
1991,.V 113 0 14
1992,.V 114 43 58
1993,.V 116 43 58
1994,.V 119 18 58
1995,.V 119 14 43
1996,.end
1997,.begin 70
1998,.H 90 37 92
1999,.H 92 57 93
2000,.V 90 0 37
2001,.V 91 37 58
2002,.V 92 57 58
2003,.end
2004,.begin 71
2005,.H 220 11 234
2006,.H 234 22 235
2007,.V 220 0 11
2008,.V 234 22 58
2009,.end
2010,.begin 72
2011,.H 219 15 230
2012,.H 230 48 231
2013,.V 219 0 15
2014,.V 230 48 58
2015,.end
2016,.begin 73
2017,.H 127 4 128
2018,.H 107 37 127
2019,.V 107 37 58
2020,.V 108 37 58
2021,.V 120 37 58
2022,.V 123 37 58
2023,.V 127 0 4
2024,.end
2025,.begin 74
2026,.H 146 6 182
2027,.H 182 38 183
2028,.V 146 6 58
2029,.V 151 0 58
2030,.V 170 0 6
2031,.V 177 0 6
2032,.V 180 0 6
2033,.V 182 0 38
2034,.end
2035,.begin 75
2036,.H 40 28 57
2037,.H 57 29 87
2038,.H 87 32 102
2039,.H 95 57 129
2040,.V 40 0 28
2041,.V 51 28 58
2042,.V 57 28 29
2043,.V 87 32 58
2044,.V 87 29 32
2045,.V 91 0 32
2046,.V 95 57 58
2047,.V 101 0 32
2048,.V 102 28 58
2049,.V 102 28 57
2050,.V 121 57 58
2051,.V 128 57 58
2052,.end
2053,.begin 76
2054,.H 37 8 38
2055,.H 17 49 37
2056,.H 13 50 17
2057,.H 8 51 13
2058,.H 6 52 8
2059,.V 6 52 58
2060,.V 8 51 52
2061,.V 13 50 51
2062,.V 17 49 50
2063,.V 37 0 8
2064,.end
2065,.begin 77
2066,.H 87 19 88
2067,.H 88 20 99
2068,.H 42 30 113
2069,.H 113 40 114
2070,.V 42 0 30
2071,.V 78 0 30
2072,.V 87 0 19
2073,.V 88 19 20
2074,.V 99 30 58
2075,.V 99 20 30
2076,.V 113 40 58
2077,.end
2078,.begin 78
2079,.H 43 1 62
2080,.H 34 21 37
2081,.H 62 24 63
2082,.H 32 36 55
2083,.V 32 36 58
2084,.V 34 0 21
2085,.V 35 36 58
2086,.V 37 21 36
2087,.V 43 0 1
2088,.V 45 0 1
2089,.V 48 0 1
2090,.V 55 0 58
2091,.V 55 1 36
2092,.V 56 0 1
2093,.V 60 0 26
2094,.V 60 1 26
2095,.V 62 0 24
2096,.end
2097,.begin 79
2098,.H 76 27 104
2099,.H 104 28 124
2100,.H 124 31 185
2101,.H 154 53 191
2102,.V 76 0 27
2103,.V 104 27 28
2104,.V 124 0 31
2105,.V 124 28 31
2106,.V 154 53 58
2107,.V 185 31 53
2108,.V 190 53 58
2109,.end
2110,.begin 80
2111,.H 184 6 258
2112,.H 244 20 257
2113,.H 198 37 240
2114,.H 240 38 257
2115,.V 184 0 6
2116,.V 198 37 58
2117,.V 223 37 58
2118,.V 240 37 38
2119,.V 244 20 58
2120,.V 257 6 38
2121,.end
2122,.begin 81
2123,.H 247 27 248
2124,.H 209 32 247
2125,.V 209 0 32
2126,.V 247 27 58
2127,.end
2128,.begin 82
2129,.H 131 2 259
2130,.H 85 13 106
2131,.H 127 13 258
2132,.H 106 14 108
2133,.H 123 14 127
2134,.H 108 15 123
2135,.H 7 32 8
2136,.H 8 33 9
2137,.H 9 34 21
2138,.H 21 42 22
2139,.H 22 43 26
2140,.H 26 44 82
2141,.H 82 45 83
2142,.H 83 46 258
2143,.V 7 32 58
2144,.V 8 32 33
2145,.V 9 33 34
2146,.V 21 0 42
2147,.V 21 34 42
2148,.V 22 42 43
2149,.V 26 43 44
2150,.V 82 44 45
2151,.V 83 45 46
2152,.V 85 0 13
2153,.V 88 46 58
2154,.V 99 0 13
2155,.V 100 46 58
2156,.V 106 13 14
2157,.V 108 14 15
2158,.V 109 0 15
2159,.V 111 0 15
2160,.V 115 46 58
2161,.V 123 14 15
2162,.V 127 13 14
2163,.V 131 0 2
2164,.V 258 2 46
2165,.end
2166,.begin 83
2167,.H 232 8 236
2168,.H 245 14 246
2169,.H 242 24 243
2170,.H 243 25 246
2171,.H 236 40 238
2172,.H 238 41 240
2173,.H 240 42 250
2174,.H 250 56 251
2175,.V 232 0 8
2176,.V 235 0 58
2177,.V 236 0 40
2178,.V 236 8 40
2179,.V 238 41 58
2180,.V 238 40 41
2181,.V 239 0 58
2182,.V 240 41 42
2183,.V 242 0 24
2184,.V 243 24 25
2185,.V 245 0 14
2186,.V 246 0 58
2187,.V 246 14 42
2188,.V 248 22 58
2189,.V 248 22 42
2190,.V 249 30 58
2191,.V 249 30 42
2192,.V 250 56 58
2193,.end
2194,.begin 84
2195,.H 65 13 69
2196,.H 69 14 77
2197,.H 77 15 79
2198,.H 79 16 123
2199,.H 123 17 127
2200,.H 127 18 128
2201,.H 128 19 136
2202,.H 136 20 139
2203,.H 139 21 158
2204,.H 158 40 159
2205,.V 65 0 13
2206,.V 69 13 14
2207,.V 77 14 15
2208,.V 79 15 16
2209,.V 123 16 17
2210,.V 125 0 16
2211,.V 125 16 17
2212,.V 127 17 18
2213,.V 128 18 19
2214,.V 129 19 58
2215,.V 136 19 20
2216,.V 139 20 21
2217,.V 158 40 58
2218,.end
2219,.begin 85
2220,.H 37 11 95
2221,.H 32 12 37
2222,.H 77 13 80
2223,.H 60 45 80
2224,.H 45 46 60
2225,.H 15 47 45
2226,.H 95 51 96
2227,.V 15 47 58
2228,.V 27 47 58
2229,.V 32 0 12
2230,.V 37 11 12
2231,.V 45 46 47
2232,.V 60 45 46
2233,.V 77 0 13
2234,.V 80 0 25
2235,.V 80 11 45
2236,.V 95 0 51
2237,.end
2238,.begin 86
2239,.H 169 22 170
2240,.H 157 49 169
2241,.H 144 50 157
2242,.V 144 50 58
2243,.V 157 49 50
2244,.V 169 0 22
2245,.end
2246,.begin 87
2247,.H 166 16 212
2248,.H 245 18 246
2249,.H 189 42 199
2250,.H 199 43 217
2251,.H 217 44 245
2252,.V 166 0 16
2253,.V 189 42 58
2254,.V 199 42 43
2255,.V 212 16 43
2256,.V 217 43 44
2257,.V 245 18 58
2258,.end
2259,.begin 88
2260,.H 172 11 173
2261,.H 140 51 172
2262,.V 140 51 58
2263,.V 157 51 58
2264,.V 170 51 58
2265,.V 172 0 11
2266,.end
2267,.begin 89
2268,.H 134 15 135
2269,.H 80 50 134
2270,.H 74 51 80
2271,.H 26 52 74
2272,.V 26 52 58
2273,.V 74 51 52
2274,.V 80 50 51
2275,.V 134 0 15
2276,.end
2277,.begin 90
2278,.H 128 15 129
2279,.H 67 55 128
2280,.V 67 55 58
2281,.V 128 0 15
2282,.end
2283,.begin 91
2284,.H 126 25 134
2285,.H 134 26 174
2286,.H 174 27 193
2287,.V 126 0 25
2288,.V 134 25 26
2289,.V 174 26 27
2290,.V 192 27 58
2291,.end
2292,.begin 92
2293,.H 244 17 245
2294,.H 242 39 244
2295,.V 242 39 58
2296,.V 244 0 17
2297,.end
2298,.begin 93
2299,.H 156 5 163
2300,.H 161 22 167
2301,.H 165 50 166
2302,.V 156 0 5
2303,.V 157 0 5
2304,.V 159 0 58
2305,.V 161 22 58
2306,.V 162 22 58
2307,.V 163 22 58
2308,.V 163 5 22
2309,.V 165 50 58
2310,.V 166 24 58
2311,.V 166 22 50
2312,.end
2313,.begin 94
2314,.H 253 17 254
2315,.H 231 20 234
2316,.H 234 21 243
2317,.H 243 22 247
2318,.H 247 23 249
2319,.H 249 24 253
2320,.V 231 0 20
2321,.V 234 20 21
2322,.V 243 21 22
2323,.V 247 22 23
2324,.V 249 23 24
2325,.V 253 17 58
2326,.end
2327,.begin 95
2328,.H 7 6 8
2329,.H 4 17 7
2330,.V 4 17 58
2331,.V 7 0 6
2332,.end
2333,.begin 96
2334,.H 154 23 155
2335,.H 155 27 173
2336,.H 173 28 260
2337,.H 178 57 259
2338,.V 154 0 23
2339,.V 155 27 58
2340,.V 155 23 27
2341,.V 156 16 58
2342,.V 156 16 27
2343,.V 173 27 28
2344,.V 177 28 58
2345,.V 178 57 58
2346,.V 180 57 58
2347,.V 185 0 28
2348,.V 186 0 28
2349,.V 191 0 28
2350,.V 259 28 57
2351,.end
2352,.begin 97
2353,.H 228 21 229
2354,.H 221 22 223
2355,.H 227 22 228
2356,.H 223 23 227
2357,.H 142 56 227
2358,.V 142 0 58
2359,.V 185 56 58
2360,.V 221 0 22
2361,.V 223 22 23
2362,.V 227 22 58
2363,.V 227 22 56
2364,.V 228 0 21
2365,.end
2366,.begin 98
2367,.H 201 26 237
2368,.H 237 56 238
2369,.V 201 0 26
2370,.V 237 56 58
2371,.end
2372,.begin 99
2373,.H 0 15 1
2374,.H 1 36 2
2375,.V 0 0 15
2376,.V 1 36 58
2377,.end
2378,.begin 100
2379,.H 84 35 241
2380,.H 57 36 84
2381,.H 20 37 57
2382,.H 16 38 20
2383,.H 241 48 242
2384,.V 16 38 58
2385,.V 20 37 38
2386,.V 57 36 37
2387,.V 84 35 36
2388,.V 241 0 48
2389,.end
